"id","submitdate","lastpage","startlanguage","startdate","datestamp","intro","adviseFriendUB","adviseFriendDB","discloseUB","discloseDB","email","expertise","extraQuestionIntro","recruitment","extraQuestions_vraag1","extraQuestions_vraag2","extraQuestions_vraag3","extraQuestions_vraag4","extraQuestions_vraag5","extraQuestions_vraag6","extraQuestions_vraag7","extraQuestions_vraag8","extraQuestions_vraag9","extraQuestions_vraag10","extraQuestJustificat_vraag1","extraQuestJustificat_vraag2","extraQuestJustificat_vraag3","extraQuestJustificat_vraag4","extraQuestJustificat_vraag5","extraQuestJustificat_vraag6","extraQuestJustificat_vraag7","extraQuestJustificat_vraag8","extraQuestJustificat_vraag9","extraQuestJustificat_vraag10","Totaaltijd","Groep.tijd..group","Vraag.tijd..intro","Vraag.tijd..adviseFriendUB","Vraag.tijd..adviseFriendDB","Vraag.tijd..discloseUB","Vraag.tijd..discloseDB","Vraag.tijd..email","Vraag.tijd..expertise","Vraag.tijd..extraQuestionIntro","Vraag.tijd..recruitment","Vraag.tijd..extraQuestions","Vraag.tijd..extraQuestJustificat"
39,NA,0,"nl-informal","2018-06-12 10:12:19","2018-06-12 10:12:19",NA,NA,NA,NA,NA,NA,NA,NA,NA,NA,NA,NA,NA,NA,NA,NA,NA,NA,NA,NA,NA,NA,NA,NA,NA,NA,NA,NA,NA,0,NA,NA,NA,NA,NA,NA,NA,NA,NA,NA,NA,NA
38,"2018-06-12 10:18:12",1,"nl-informal","2018-06-12 10:11:01","2018-06-12 10:18:12",NA,"Misschien voelen mensen zich bezwaard om vrienden aan te spreken op zo iets gevoeligs","Een goede band en open verhoudingen tussen de personen. Anders een sterk moreel gevoel","Omdat de meeste mensen niet het uitgangspunt hebben om mensen lastig te vallen","Zelfde redenen als eerder aangegeven",NA,"Unity Peer",NA,"Seksueel grensoverschrijdend gedrag is best een actueel thema in Nederland. Inspelen op onderzoek hoe dit beter kan spreekt mensen misschien toch al voldoende aan",NA,NA,NA,NA,NA,NA,NA,NA,NA,NA,NA,NA,NA,NA,NA,NA,NA,NA,NA,NA,426.43,426.43,NA,NA,NA,NA,NA,NA,NA,NA,NA,NA,NA
37,NA,0,"nl-informal","2018-06-12 10:00:18","2018-06-12 10:00:18",NA,NA,NA,NA,NA,NA,NA,NA,NA,NA,NA,NA,NA,NA,NA,NA,NA,NA,NA,NA,NA,NA,NA,NA,NA,NA,NA,NA,NA,0,NA,NA,NA,NA,NA,NA,NA,NA,NA,NA,NA,NA
36,NA,0,"nl-informal","2018-06-12 09:57:17","2018-06-12 09:57:17",NA,NA,NA,NA,NA,NA,NA,NA,NA,NA,NA,NA,NA,NA,NA,NA,NA,NA,NA,NA,NA,NA,NA,NA,NA,NA,NA,NA,NA,0,NA,NA,NA,NA,NA,NA,NA,NA,NA,NA,NA,NA
35,NA,0,"nl-informal","2018-06-12 09:55:45","2018-06-12 09:55:45",NA,NA,NA,NA,NA,NA,NA,NA,NA,NA,NA,NA,NA,NA,NA,NA,NA,NA,NA,NA,NA,NA,NA,NA,NA,NA,NA,NA,NA,0,NA,NA,NA,NA,NA,NA,NA,NA,NA,NA,NA,NA
34,"2018-06-12 10:14:25",1,"nl-informal","2018-06-12 09:55:35","2018-06-12 10:14:25",NA,"- Ze willen zich er niet mee bemoeien, omdat ze geen bemoeial willen zijn
- Ze zijn er van overtuigd dat die vriend(in) de situatie in de hand heeft
- Ze durven de vriend(in) er niet op aan te spreken
- Ze zijn te druk bezig met zichzelf om zich bezig te houden met die situatie
- Ze voelen zich niet verantwoordelijk om de ander er op aan te spreken
- Ze vinden dat het niet hun plaats is om de ander er op aan te spreken
- Ze verwachten dat iemand anders uit de omgeving de vriend(in) er wel op aanspreekt
- Ze zijn bang de situatie verkeerd in te schatten en de vriend(in) vals te beschuldigen","- Ze voelen zich moreel verantwoordelijk
- Ze hebben zelf ervaring met seksueel overschrijdend gedrag en weten hierdoor hoe vervelend het kan zijn
- Ze weten uit ervaring dat die vriend(in) vaker grensoverschrijdend gedrag vertoont
- Ze worden door de omgeving aangesproken op het gedrag van de vriend(in)
","- Ze zijn bang dat de ander vindt/denkt dat die persoon het zelf heeft uitgelokt
- ""Ik vertel dit soort dingen nooit, omdat ik vrij gesloten ben""
- Uit schaamte
- De persoon die grensoverschrijdend gedrag heeft vertoond dreigt ermee dat die ander het niet mag vertellen aan vriend(inn)en
- De juiste vrienden aan wie de persoon het wilt vertellen zijn niet in de buurt
- Bang dat vrienden het niet geloven
- Bang dat vrienden vinden dat die persoon zich aanstelt (onbegrip)
","- Eerder meegemaakt en toen ook verteld, en dat was prettig
- Om zichzelf te beschermen tegen de persoon die grensoverschrijdend gedrag heeft vertoond
- Hart willen luchten
- vrienden waarschuwen voor de persoon die grensoverschrijdend gedrag heeft vertoond
- ""Ik vertel altijd alles aan mijn vriend(inn)en""",NA,"Unity peer, zelf uitgaan",NA,"Facebook, Email, Instagram, Websites als Party Panel, Celebrate Safe, Unity etc.
Op festivals zelf?","Wanneer vertel je dat er grensoverschrijdend gedrag is vertoond? Tijdens het uitgaan zelf of de dag erna bijvoorbeeld?","Waarom zou je er voor kiezen om het bijvoorbeeld niet tijdens het uitgaan te vertellen maar wel de dag erna? zowel de ander aanspreken op zijn/haar gedrag als zelf vertellen wat je hebt meegemaakt. ",NA,NA,NA,NA,NA,NA,NA,NA,"Ik denk dat het kan verschillen wanneer mensen pas vertellen over het gedrag en dat hiervoor verschillende redenen kunnen zijn. ","Ik denk dat mensen soms bewust niet die avond zelf vertellen over grensoverschrijdend gedrag omdat ze bijvoorbeeld de sfeer niet willen beïnvloeden, maar het de dag erna toch graag willen vertellen. Ook kan het zijn dat mensen zich pas de dag erna bewust worden van wat er nou eigenlijk gebeurd is en dat zij dan toch nog graag hun hart willen luchten. Zo kunnen er denk ik nog veel meer redenen zijn. ",NA,NA,NA,NA,NA,NA,NA,NA,1130.2,1130.2,NA,NA,NA,NA,NA,NA,NA,NA,NA,NA,NA
33,NA,0,"nl-informal","2018-06-12 09:49:31","2018-06-12 09:49:31",NA,NA,NA,NA,NA,NA,NA,NA,NA,NA,NA,NA,NA,NA,NA,NA,NA,NA,NA,NA,NA,NA,NA,NA,NA,NA,NA,NA,NA,0,NA,NA,NA,NA,NA,NA,NA,NA,NA,NA,NA,NA
29,NA,0,"nl-informal","2018-06-12 09:43:33","2018-06-12 09:43:33",NA,NA,NA,NA,NA,NA,NA,NA,NA,NA,NA,NA,NA,NA,NA,NA,NA,NA,NA,NA,NA,NA,NA,NA,NA,NA,NA,NA,NA,0,NA,NA,NA,NA,NA,NA,NA,NA,NA,NA,NA,NA
30,NA,0,"nl-informal","2018-06-12 09:46:11","2018-06-12 09:46:11",NA,NA,NA,NA,NA,NA,NA,NA,NA,NA,NA,NA,NA,NA,NA,NA,NA,NA,NA,NA,NA,NA,NA,NA,NA,NA,NA,NA,NA,0,NA,NA,NA,NA,NA,NA,NA,NA,NA,NA,NA,NA
31,"2018-06-12 10:30:04",1,"nl-informal","2018-06-12 09:46:48","2018-06-12 10:30:04",NA,"Het niet volledig snappen van de interactie is een grote reden voor mij. Als een vriend van mij dronken is en andere lastig valt weet ik natuurlijk niet of de andere het als vervelend ervaren. Mocht dit echt duidelijk zijn stap ik in. Ook wil je de andere in hun waarde laten, dus ergens ga ik ervan uit dat de persoon die wordt lastig gevallen zelf wel de grens zal aangeven. Het onduidelijk hebben hoe vervelend mijn vriend Is voor de ander maakt ingrijpen lastig. Ik wil uiteraard het ""slachtoffer"", me vriend of mijzelf ook niet voor schut zetten wat de drempel tot ingrijpen ook weer verhoogd. ","Als mijn vriend(in) zichzelf echt voor schut aan het zetten is. Wanneer duidelijk is dat de ander zich bedreigt of niet veilig voelt zal ik ingrijpen. Soms ben je ook opstap met mensen waarvan je het gedrag zat bent waardoor je het in ze geheel negeert. Soms zie je ook dat de verkeerde mensen worden aangesproken, als in mijn vriend loopt het gevaar in elkaar getimmerd te worden dan trek ik hem direct weg. ","Niet weten hoe, bang zijn voor een heftige reactie. Mensen die dit gedrag vertonen zijn vaak erg uitbundig en zoeken vaak bewust de wat onzekere mensen op. Persoonlijk heb ik maar 1 vriend die soms te ver gaat maar dan Is hij vaak ook al goed lam. Het aanspreken van hem in een dergelijke staat roept natuurlijk zelden de gewenste reactie op. Ik sta sterk in mijn schoenen en kan dat hebben maar snap dat niet iedereen dat kan. In het moment aanspreken Is natuurlijk ook erkenen dat je gekwetst bent en kan juist averechts werken gezien de ander zichzelf niet Is. Samengevat zelfbehoud en onzekerheid.","Bekend zijn met de persoon, weten dat het kan werken. Het zodanig zat zijn dat er een uitbarsting komt richting de pestkop. Of gewoon iemand zijn die tegen een stootje kan en weet hoe hij of zij zich moet opstellen in een dergelijke situatie. Ervaring Is denk ik de pijler hier.",NA,"Unity, met vrienden opstap en een gezonde portie mensenkennis ",NA,"Via het peer netwerk uit laten zetten",NA,NA,NA,NA,NA,NA,NA,NA,NA,NA,NA,NA,NA,NA,NA,NA,NA,NA,NA,NA,2596.61,2596.61,NA,NA,NA,NA,NA,NA,NA,NA,NA,NA,NA
32,NA,0,"nl-informal","2018-06-12 09:47:23","2018-06-12 09:47:23",NA,NA,NA,NA,NA,NA,NA,NA,NA,NA,NA,NA,NA,NA,NA,NA,NA,NA,NA,NA,NA,NA,NA,NA,NA,NA,NA,NA,NA,0,NA,NA,NA,NA,NA,NA,NA,NA,NA,NA,NA,NA
28,NA,0,"nl-informal","2018-06-12 09:43:26","2018-06-12 09:43:26",NA,NA,NA,NA,NA,NA,NA,NA,NA,NA,NA,NA,NA,NA,NA,NA,NA,NA,NA,NA,NA,NA,NA,NA,NA,NA,NA,NA,NA,0,NA,NA,NA,NA,NA,NA,NA,NA,NA,NA,NA,NA
27,NA,0,"nl-informal","2018-06-12 09:43:08","2018-06-12 09:43:08",NA,NA,NA,NA,NA,NA,NA,NA,NA,NA,NA,NA,NA,NA,NA,NA,NA,NA,NA,NA,NA,NA,NA,NA,NA,NA,NA,NA,NA,0,NA,NA,NA,NA,NA,NA,NA,NA,NA,NA,NA,NA
26,NA,0,"nl-informal","2018-06-12 09:42:49","2018-06-12 09:42:49",NA,NA,NA,NA,NA,NA,NA,NA,NA,NA,NA,NA,NA,NA,NA,NA,NA,NA,NA,NA,NA,NA,NA,NA,NA,NA,NA,NA,NA,0,NA,NA,NA,NA,NA,NA,NA,NA,NA,NA,NA,NA
25,NA,0,"nl-informal","2018-06-12 09:34:38","2018-06-12 09:34:38",NA,NA,NA,NA,NA,NA,NA,NA,NA,NA,NA,NA,NA,NA,NA,NA,NA,NA,NA,NA,NA,NA,NA,NA,NA,NA,NA,NA,NA,0,NA,NA,NA,NA,NA,NA,NA,NA,NA,NA,NA,NA
24,NA,0,"nl-informal","2018-06-12 09:24:03","2018-06-12 09:24:03",NA,NA,NA,NA,NA,NA,NA,NA,NA,NA,NA,NA,NA,NA,NA,NA,NA,NA,NA,NA,NA,NA,NA,NA,NA,NA,NA,NA,NA,0,NA,NA,NA,NA,NA,NA,NA,NA,NA,NA,NA,NA
23,NA,0,"nl-informal","2018-06-12 09:07:45","2018-06-12 09:07:45",NA,NA,NA,NA,NA,NA,NA,NA,NA,NA,NA,NA,NA,NA,NA,NA,NA,NA,NA,NA,NA,NA,NA,NA,NA,NA,NA,NA,NA,0,NA,NA,NA,NA,NA,NA,NA,NA,NA,NA,NA,NA
22,NA,0,"nl-informal","2018-06-12 08:04:38","2018-06-12 08:04:38",NA,NA,NA,NA,NA,NA,NA,NA,NA,NA,NA,NA,NA,NA,NA,NA,NA,NA,NA,NA,NA,NA,NA,NA,NA,NA,NA,NA,NA,0,NA,NA,NA,NA,NA,NA,NA,NA,NA,NA,NA,NA
21,NA,0,"nl-informal","2018-06-11 12:04:54","2018-06-11 12:04:54",NA,NA,NA,NA,NA,NA,NA,NA,NA,NA,NA,NA,NA,NA,NA,NA,NA,NA,NA,NA,NA,NA,NA,NA,NA,NA,NA,NA,NA,0,NA,NA,NA,NA,NA,NA,NA,NA,NA,NA,NA,NA
40,NA,0,"nl-informal","2018-06-12 10:16:00","2018-06-12 10:16:00",NA,NA,NA,NA,NA,NA,NA,NA,NA,NA,NA,NA,NA,NA,NA,NA,NA,NA,NA,NA,NA,NA,NA,NA,NA,NA,NA,NA,NA,0,NA,NA,NA,NA,NA,NA,NA,NA,NA,NA,NA,NA
41,NA,0,"nl-informal","2018-06-12 10:18:07","2018-06-12 10:18:07",NA,NA,NA,NA,NA,NA,NA,NA,NA,NA,NA,NA,NA,NA,NA,NA,NA,NA,NA,NA,NA,NA,NA,NA,NA,NA,NA,NA,NA,0,NA,NA,NA,NA,NA,NA,NA,NA,NA,NA,NA,NA
42,NA,0,"nl-informal","2018-06-12 10:20:35","2018-06-12 10:20:35",NA,NA,NA,NA,NA,NA,NA,NA,NA,NA,NA,NA,NA,NA,NA,NA,NA,NA,NA,NA,NA,NA,NA,NA,NA,NA,NA,NA,NA,0,NA,NA,NA,NA,NA,NA,NA,NA,NA,NA,NA,NA
43,NA,0,"nl-informal","2018-06-12 10:22:32","2018-06-12 10:22:32",NA,NA,NA,NA,NA,NA,NA,NA,NA,NA,NA,NA,NA,NA,NA,NA,NA,NA,NA,NA,NA,NA,NA,NA,NA,NA,NA,NA,NA,0,NA,NA,NA,NA,NA,NA,NA,NA,NA,NA,NA,NA
44,NA,0,"nl-informal","2018-06-12 10:24:00","2018-06-12 10:24:01",NA,NA,NA,NA,NA,NA,NA,NA,NA,NA,NA,NA,NA,NA,NA,NA,NA,NA,NA,NA,NA,NA,NA,NA,NA,NA,NA,NA,NA,0,NA,NA,NA,NA,NA,NA,NA,NA,NA,NA,NA,NA
45,"2018-06-12 10:31:36",1,"nl-informal","2018-06-12 10:26:18","2018-06-12 10:31:36",NA,"Zij denken dat dit normaal is omdat dit zo veel gebeurt.
Zij willen hun vriend(in) hier niet op aanspreken omdat ze denken dat deze vriend(in) dit raar zal vinden hier op aangesproken te worden
Zij zijn te onzeker hier iets over te zeggen","Omdat ze dit zelf een keer meegemaakt hebben en als niet prettig hebben ervaren
Ze merken gewoon op dat niet iedereen dit als prettig zal ervaren en spreken hierom hun vriend(in) hierop aan","Omdat ze zich schamen dat hun dit is overkomen en ze hier niks aan gedaan hebben, (""als je dit onprettig vond had je er toen iets van moeten zeggen"")
Omdat ze denken dat dit normaal gedrag is en hun vriend(inn)en dit niet zullen begrijpen.","Zij willen dit even bij iemand kwijt en denken niet veroordeeld te worden door vrienden",NA,"Unity peer",NA,"Op festivals/feesten staan
Op facebook zoeken naar groepen waar veel mensen van deze doelgroep in zitten misschien",NA,NA,NA,NA,NA,NA,NA,NA,NA,NA,NA,NA,NA,NA,NA,NA,NA,NA,NA,NA,317.99,317.99,NA,NA,NA,NA,NA,NA,NA,NA,NA,NA,NA
46,NA,0,"nl-informal","2018-06-12 10:33:22","2018-06-12 10:33:22",NA,NA,NA,NA,NA,NA,NA,NA,NA,NA,NA,NA,NA,NA,NA,NA,NA,NA,NA,NA,NA,NA,NA,NA,NA,NA,NA,NA,NA,0,NA,NA,NA,NA,NA,NA,NA,NA,NA,NA,NA,NA
47,NA,0,"nl-informal","2018-06-12 10:44:54","2018-06-12 10:44:54",NA,NA,NA,NA,NA,NA,NA,NA,NA,NA,NA,NA,NA,NA,NA,NA,NA,NA,NA,NA,NA,NA,NA,NA,NA,NA,NA,NA,NA,0,NA,NA,NA,NA,NA,NA,NA,NA,NA,NA,NA,NA
48,NA,0,"nl-informal","2018-06-12 10:59:18","2018-06-12 10:59:18",NA,NA,NA,NA,NA,NA,NA,NA,NA,NA,NA,NA,NA,NA,NA,NA,NA,NA,NA,NA,NA,NA,NA,NA,NA,NA,NA,NA,NA,0,NA,NA,NA,NA,NA,NA,NA,NA,NA,NA,NA,NA
49,NA,0,"nl-informal","2018-06-12 11:06:57","2018-06-12 11:06:57",NA,NA,NA,NA,NA,NA,NA,NA,NA,NA,NA,NA,NA,NA,NA,NA,NA,NA,NA,NA,NA,NA,NA,NA,NA,NA,NA,NA,NA,0,NA,NA,NA,NA,NA,NA,NA,NA,NA,NA,NA,NA
50,NA,0,"nl-informal","2018-06-12 11:24:20","2018-06-12 11:24:20",NA,NA,NA,NA,NA,NA,NA,NA,NA,NA,NA,NA,NA,NA,NA,NA,NA,NA,NA,NA,NA,NA,NA,NA,NA,NA,NA,NA,NA,0,NA,NA,NA,NA,NA,NA,NA,NA,NA,NA,NA,NA
51,NA,0,"nl-informal","2018-06-12 11:31:33","2018-06-12 11:31:33",NA,NA,NA,NA,NA,NA,NA,NA,NA,NA,NA,NA,NA,NA,NA,NA,NA,NA,NA,NA,NA,NA,NA,NA,NA,NA,NA,NA,NA,0,NA,NA,NA,NA,NA,NA,NA,NA,NA,NA,NA,NA
52,NA,0,"nl-informal","2018-06-12 11:33:49","2018-06-12 11:33:49",NA,NA,NA,NA,NA,NA,NA,NA,NA,NA,NA,NA,NA,NA,NA,NA,NA,NA,NA,NA,NA,NA,NA,NA,NA,NA,NA,NA,NA,0,NA,NA,NA,NA,NA,NA,NA,NA,NA,NA,NA,NA
53,NA,0,"nl-informal","2018-06-12 12:29:59","2018-06-12 12:29:59",NA,NA,NA,NA,NA,NA,NA,NA,NA,NA,NA,NA,NA,NA,NA,NA,NA,NA,NA,NA,NA,NA,NA,NA,NA,NA,NA,NA,NA,0,NA,NA,NA,NA,NA,NA,NA,NA,NA,NA,NA,NA
54,NA,0,"nl-informal","2018-06-12 13:43:00","2018-06-12 13:43:00",NA,NA,NA,NA,NA,NA,NA,NA,NA,NA,NA,NA,NA,NA,NA,NA,NA,NA,NA,NA,NA,NA,NA,NA,NA,NA,NA,NA,NA,0,NA,NA,NA,NA,NA,NA,NA,NA,NA,NA,NA,NA
55,NA,0,"nl-informal","2018-06-12 13:43:24","2018-06-12 13:43:24",NA,NA,NA,NA,NA,NA,NA,NA,NA,NA,NA,NA,NA,NA,NA,NA,NA,NA,NA,NA,NA,NA,NA,NA,NA,NA,NA,NA,NA,0,NA,NA,NA,NA,NA,NA,NA,NA,NA,NA,NA,NA
56,"2018-06-12 14:28:02",1,"nl-informal","2018-06-12 14:22:29","2018-06-12 14:28:02",NA,"zoals al omschrijven. blijft het miscommunicatie en verschil van interpretatie. hierdoor kan een persoon zich dan wellicht in de persoon van de ander plaatsen en denken dat het niet zo bedoelt had moeten zijn.","dan is het grensoverschrijdend geweest. mensen kunnen vaak veel tolereren, maar wanneer ze bij iemand een bepaalde treshhold bereiken dan zullen ze gaan praten. 
","je wilt de ander niet daarop wijzen. je wilt ze niet (onbedoeld) in kwaad daglicht zetten.","dan is de ander te ver gegaan",NA,"unity peer",NA,NA,NA,NA,NA,NA,NA,NA,NA,NA,NA,NA,NA,NA,NA,NA,NA,NA,NA,NA,NA,NA,333.64,333.64,NA,NA,NA,NA,NA,NA,NA,NA,NA,NA,NA
57,NA,0,"nl-informal","2018-06-12 16:49:35","2018-06-12 16:49:35",NA,NA,NA,NA,NA,NA,NA,NA,NA,NA,NA,NA,NA,NA,NA,NA,NA,NA,NA,NA,NA,NA,NA,NA,NA,NA,NA,NA,NA,0,NA,NA,NA,NA,NA,NA,NA,NA,NA,NA,NA,NA
58,NA,0,"nl-informal","2018-06-12 19:18:43","2018-06-12 19:18:43",NA,NA,NA,NA,NA,NA,NA,NA,NA,NA,NA,NA,NA,NA,NA,NA,NA,NA,NA,NA,NA,NA,NA,NA,NA,NA,NA,NA,NA,0,NA,NA,NA,NA,NA,NA,NA,NA,NA,NA,NA,NA
59,NA,0,"nl-informal","2018-06-12 19:57:25","2018-06-12 19:57:25",NA,NA,NA,NA,NA,NA,NA,NA,NA,NA,NA,NA,NA,NA,NA,NA,NA,NA,NA,NA,NA,NA,NA,NA,NA,NA,NA,NA,NA,0,NA,NA,NA,NA,NA,NA,NA,NA,NA,NA,NA,NA
60,NA,0,"nl-informal","2018-06-12 20:23:51","2018-06-12 20:23:51",NA,NA,NA,NA,NA,NA,NA,NA,NA,NA,NA,NA,NA,NA,NA,NA,NA,NA,NA,NA,NA,NA,NA,NA,NA,NA,NA,NA,NA,0,NA,NA,NA,NA,NA,NA,NA,NA,NA,NA,NA,NA
61,NA,0,"nl-informal","2018-06-12 20:55:08","2018-06-12 20:55:08",NA,NA,NA,NA,NA,NA,NA,NA,NA,NA,NA,NA,NA,NA,NA,NA,NA,NA,NA,NA,NA,NA,NA,NA,NA,NA,NA,NA,NA,0,NA,NA,NA,NA,NA,NA,NA,NA,NA,NA,NA,NA
62,NA,0,"nl-informal","2018-06-13 02:26:49","2018-06-13 02:26:49",NA,NA,NA,NA,NA,NA,NA,NA,NA,NA,NA,NA,NA,NA,NA,NA,NA,NA,NA,NA,NA,NA,NA,NA,NA,NA,NA,NA,NA,0,NA,NA,NA,NA,NA,NA,NA,NA,NA,NA,NA,NA
63,NA,0,"nl-informal","2018-06-13 02:26:50","2018-06-13 02:26:50",NA,NA,NA,NA,NA,NA,NA,NA,NA,NA,NA,NA,NA,NA,NA,NA,NA,NA,NA,NA,NA,NA,NA,NA,NA,NA,NA,NA,NA,0,NA,NA,NA,NA,NA,NA,NA,NA,NA,NA,NA,NA
64,NA,0,"nl-informal","2018-06-13 09:28:45","2018-06-13 09:28:45",NA,NA,NA,NA,NA,NA,NA,NA,NA,NA,NA,NA,NA,NA,NA,NA,NA,NA,NA,NA,NA,NA,NA,NA,NA,NA,NA,NA,NA,0,NA,NA,NA,NA,NA,NA,NA,NA,NA,NA,NA,NA
65,NA,0,"nl-informal","2018-06-13 11:47:34","2018-06-13 11:47:34",NA,NA,NA,NA,NA,NA,NA,NA,NA,NA,NA,NA,NA,NA,NA,NA,NA,NA,NA,NA,NA,NA,NA,NA,NA,NA,NA,NA,NA,0,NA,NA,NA,NA,NA,NA,NA,NA,NA,NA,NA,NA
66,NA,0,"nl-informal","2018-06-13 12:08:25","2018-06-13 12:08:25",NA,NA,NA,NA,NA,NA,NA,NA,NA,NA,NA,NA,NA,NA,NA,NA,NA,NA,NA,NA,NA,NA,NA,NA,NA,NA,NA,NA,NA,0,NA,NA,NA,NA,NA,NA,NA,NA,NA,NA,NA,NA
67,NA,0,"nl-informal","2018-06-13 12:10:30","2018-06-13 12:10:30",NA,NA,NA,NA,NA,NA,NA,NA,NA,NA,NA,NA,NA,NA,NA,NA,NA,NA,NA,NA,NA,NA,NA,NA,NA,NA,NA,NA,NA,0,NA,NA,NA,NA,NA,NA,NA,NA,NA,NA,NA,NA
68,NA,0,"nl-informal","2018-06-13 13:56:17","2018-06-13 13:56:17",NA,NA,NA,NA,NA,NA,NA,NA,NA,NA,NA,NA,NA,NA,NA,NA,NA,NA,NA,NA,NA,NA,NA,NA,NA,NA,NA,NA,NA,0,NA,NA,NA,NA,NA,NA,NA,NA,NA,NA,NA,NA
69,NA,0,"nl-informal","2018-06-13 18:24:27","2018-06-13 18:24:27",NA,NA,NA,NA,NA,NA,NA,NA,NA,NA,NA,NA,NA,NA,NA,NA,NA,NA,NA,NA,NA,NA,NA,NA,NA,NA,NA,NA,NA,0,NA,NA,NA,NA,NA,NA,NA,NA,NA,NA,NA,NA
70,NA,0,"nl-informal","2018-06-14 00:06:05","2018-06-14 00:06:05",NA,NA,NA,NA,NA,NA,NA,NA,NA,NA,NA,NA,NA,NA,NA,NA,NA,NA,NA,NA,NA,NA,NA,NA,NA,NA,NA,NA,NA,0,NA,NA,NA,NA,NA,NA,NA,NA,NA,NA,NA,NA
71,NA,0,"nl-informal","2018-06-14 13:28:45","2018-06-14 13:28:45",NA,NA,NA,NA,NA,NA,NA,NA,NA,NA,NA,NA,NA,NA,NA,NA,NA,NA,NA,NA,NA,NA,NA,NA,NA,NA,NA,NA,NA,0,NA,NA,NA,NA,NA,NA,NA,NA,NA,NA,NA,NA
72,NA,0,"nl-informal","2018-06-14 13:31:51","2018-06-14 13:31:51",NA,NA,NA,NA,NA,NA,NA,NA,NA,NA,NA,NA,NA,NA,NA,NA,NA,NA,NA,NA,NA,NA,NA,NA,NA,NA,NA,NA,NA,0,NA,NA,NA,NA,NA,NA,NA,NA,NA,NA,NA,NA
73,NA,0,"nl-informal","2018-06-14 22:42:10","2018-06-14 22:42:10",NA,NA,NA,NA,NA,NA,NA,NA,NA,NA,NA,NA,NA,NA,NA,NA,NA,NA,NA,NA,NA,NA,NA,NA,NA,NA,NA,NA,NA,0,NA,NA,NA,NA,NA,NA,NA,NA,NA,NA,NA,NA
74,"2018-06-14 23:15:44",1,"nl-informal","2018-06-14 22:57:49","2018-06-14 23:15:44",NA,"De desbetreffende persoon die niet dat wenst te doen, zit waarschijnlijk met het volgende obstakel (hoewel vrij ego-centristisch): ""Welke gevolgen heeft dit voor mij?"". Men wil zelf niet een dergelijke last, of mogelijke ruzie die er uit voortkomt ervaren, dus zegt men er ook niks over. En dit, omdat men zelf niet in staat is om om te gaan met dergelijke problemen ofwel omdat het simpelweg ""niet jouw zaken zijn"". Ook valt het op dat ""vriendschappen"" niet meer zijn wat ze ooit waren, die diepe en doorgrondde band is echter verdwenen en vervangen door het ""wat heb ik aan jouw?"", de rest vervalt in overbodigheid.","Als men duidelijk lichamelijk echt te ver gaat, in de zin van dat er duidelijk emotionele pijn wordt ervaren door het slachtoffer, zal er eerder ingegrepen worden dan dat het op een subtielere manier wordt overgedragen. Sinds de opkomst van digitale communicatie is de non-verbale communicatie er echter op achteruit gegaan, dus worden dergelijke signalen minder snel opgepikt. Ook, al zou het slachtoffer zelf aangeven dat hij/zij hulp nodig heeft, dan zal er pas door de omgeving worden ingegrepen.","Puur uit schaamte, uit het feit dat ""de schuld"" mogelijk op hun gereflecteerd zal worden, dat zij de fout hebben gemaakt en dat dat puur aan hunzelf ligt. ","Om echter toch een uitlaat klep te hebben zal men eerder geneigd zijn erover te praten. Dit is echter een aangeleerd fenomeen. Dus tref je het ook niet al te vaak aan. Aan de andere kant biedt het feit dat je erover praat wel een eerste stap richting het verwerken.",NA,"Unity peer",NA,"Interactieve enquetes (bv. via een iPad op feesten aan een Unity stand).",NA,NA,NA,NA,NA,NA,NA,NA,NA,NA,NA,NA,NA,NA,NA,NA,NA,NA,NA,NA,1074.63,1074.63,NA,NA,NA,NA,NA,NA,NA,NA,NA,NA,NA
75,NA,0,"nl-informal","2018-06-15 05:15:56","2018-06-15 05:15:56",NA,NA,NA,NA,NA,NA,NA,NA,NA,NA,NA,NA,NA,NA,NA,NA,NA,NA,NA,NA,NA,NA,NA,NA,NA,NA,NA,NA,NA,0,NA,NA,NA,NA,NA,NA,NA,NA,NA,NA,NA,NA
76,NA,0,"nl-informal","2018-06-15 08:55:27","2018-06-15 08:55:27",NA,NA,NA,NA,NA,NA,NA,NA,NA,NA,NA,NA,NA,NA,NA,NA,NA,NA,NA,NA,NA,NA,NA,NA,NA,NA,NA,NA,NA,0,NA,NA,NA,NA,NA,NA,NA,NA,NA,NA,NA,NA
77,NA,0,"nl-informal","2018-06-15 11:45:07","2018-06-15 11:45:07",NA,NA,NA,NA,NA,NA,NA,NA,NA,NA,NA,NA,NA,NA,NA,NA,NA,NA,NA,NA,NA,NA,NA,NA,NA,NA,NA,NA,NA,0,NA,NA,NA,NA,NA,NA,NA,NA,NA,NA,NA,NA
78,NA,0,"nl-informal","2018-06-15 11:45:13","2018-06-15 11:45:13",NA,NA,NA,NA,NA,NA,NA,NA,NA,NA,NA,NA,NA,NA,NA,NA,NA,NA,NA,NA,NA,NA,NA,NA,NA,NA,NA,NA,NA,0,NA,NA,NA,NA,NA,NA,NA,NA,NA,NA,NA,NA
79,"2018-06-15 11:57:18",1,"nl-informal","2018-06-15 11:46:05","2018-06-15 11:57:18",NA,"Angst om beoordeeld te worden binnen de vriendengroep, het een grappige situatie vinden, angst voor gevolgen, onzekerheid of ze de situatie goed inschatten, onzekerheid hoe ze het moeten vertellen, vriend(in) niet willen kwetsen/beledigen.","Inleving in de andere persoon, schuldgevoel, normen en waarden, schaamte voor gedrag vriend(in)","Angst om beoordeeld te worden. Schaamte. Imago hooghouden. Geen hechte vriendengroep. De sfeer niet willen ""verpesten""","Vertrouwen, gevoel van veiligheid, hart kunnen luchten, ander perspectief krijgen, word rekening gehouden met je gevoel",NA,"Unity en leeftijdsgenoten op festivals/stappen/feesten",NA,NA,NA,NA,NA,NA,NA,NA,NA,NA,NA,NA,NA,NA,NA,NA,NA,NA,NA,NA,NA,NA,673.09,673.09,NA,NA,NA,NA,NA,NA,NA,NA,NA,NA,NA
80,NA,0,"nl-informal","2018-06-15 11:46:48","2018-06-15 11:46:48",NA,NA,NA,NA,NA,NA,NA,NA,NA,NA,NA,NA,NA,NA,NA,NA,NA,NA,NA,NA,NA,NA,NA,NA,NA,NA,NA,NA,NA,0,NA,NA,NA,NA,NA,NA,NA,NA,NA,NA,NA,NA
81,NA,0,"nl-informal","2018-06-15 11:48:27","2018-06-15 11:48:27",NA,NA,NA,NA,NA,NA,NA,NA,NA,NA,NA,NA,NA,NA,NA,NA,NA,NA,NA,NA,NA,NA,NA,NA,NA,NA,NA,NA,NA,0,NA,NA,NA,NA,NA,NA,NA,NA,NA,NA,NA,NA
82,NA,0,"nl-informal","2018-06-15 11:48:27","2018-06-15 11:48:27",NA,NA,NA,NA,NA,NA,NA,NA,NA,NA,NA,NA,NA,NA,NA,NA,NA,NA,NA,NA,NA,NA,NA,NA,NA,NA,NA,NA,NA,0,NA,NA,NA,NA,NA,NA,NA,NA,NA,NA,NA,NA
83,NA,0,"nl-informal","2018-06-15 11:48:28","2018-06-15 11:48:28",NA,NA,NA,NA,NA,NA,NA,NA,NA,NA,NA,NA,NA,NA,NA,NA,NA,NA,NA,NA,NA,NA,NA,NA,NA,NA,NA,NA,NA,0,NA,NA,NA,NA,NA,NA,NA,NA,NA,NA,NA,NA
84,NA,0,"nl-informal","2018-06-15 11:48:40","2018-06-15 11:48:40",NA,NA,NA,NA,NA,NA,NA,NA,NA,NA,NA,NA,NA,NA,NA,NA,NA,NA,NA,NA,NA,NA,NA,NA,NA,NA,NA,NA,NA,0,NA,NA,NA,NA,NA,NA,NA,NA,NA,NA,NA,NA
85,NA,0,"nl-informal","2018-06-15 11:48:48","2018-06-15 11:48:48",NA,NA,NA,NA,NA,NA,NA,NA,NA,NA,NA,NA,NA,NA,NA,NA,NA,NA,NA,NA,NA,NA,NA,NA,NA,NA,NA,NA,NA,0,NA,NA,NA,NA,NA,NA,NA,NA,NA,NA,NA,NA
86,NA,0,"nl-informal","2018-06-15 11:49:29","2018-06-15 11:49:29",NA,NA,NA,NA,NA,NA,NA,NA,NA,NA,NA,NA,NA,NA,NA,NA,NA,NA,NA,NA,NA,NA,NA,NA,NA,NA,NA,NA,NA,0,NA,NA,NA,NA,NA,NA,NA,NA,NA,NA,NA,NA
87,NA,0,"nl-informal","2018-06-15 11:51:05","2018-06-15 11:51:05",NA,NA,NA,NA,NA,NA,NA,NA,NA,NA,NA,NA,NA,NA,NA,NA,NA,NA,NA,NA,NA,NA,NA,NA,NA,NA,NA,NA,NA,0,NA,NA,NA,NA,NA,NA,NA,NA,NA,NA,NA,NA
88,NA,0,"nl-informal","2018-06-15 11:53:25","2018-06-15 11:53:25",NA,NA,NA,NA,NA,NA,NA,NA,NA,NA,NA,NA,NA,NA,NA,NA,NA,NA,NA,NA,NA,NA,NA,NA,NA,NA,NA,NA,NA,0,NA,NA,NA,NA,NA,NA,NA,NA,NA,NA,NA,NA
89,NA,0,"nl-informal","2018-06-15 12:05:21","2018-06-15 12:05:21",NA,NA,NA,NA,NA,NA,NA,NA,NA,NA,NA,NA,NA,NA,NA,NA,NA,NA,NA,NA,NA,NA,NA,NA,NA,NA,NA,NA,NA,0,NA,NA,NA,NA,NA,NA,NA,NA,NA,NA,NA,NA
90,NA,0,"nl-informal","2018-06-15 12:06:38","2018-06-15 12:06:38",NA,NA,NA,NA,NA,NA,NA,NA,NA,NA,NA,NA,NA,NA,NA,NA,NA,NA,NA,NA,NA,NA,NA,NA,NA,NA,NA,NA,NA,0,NA,NA,NA,NA,NA,NA,NA,NA,NA,NA,NA,NA
91,NA,0,"nl-informal","2018-06-15 12:09:05","2018-06-15 12:09:05",NA,NA,NA,NA,NA,NA,NA,NA,NA,NA,NA,NA,NA,NA,NA,NA,NA,NA,NA,NA,NA,NA,NA,NA,NA,NA,NA,NA,NA,0,NA,NA,NA,NA,NA,NA,NA,NA,NA,NA,NA,NA
92,NA,0,"nl-informal","2018-06-15 12:10:14","2018-06-15 12:10:14",NA,NA,NA,NA,NA,NA,NA,NA,NA,NA,NA,NA,NA,NA,NA,NA,NA,NA,NA,NA,NA,NA,NA,NA,NA,NA,NA,NA,NA,0,NA,NA,NA,NA,NA,NA,NA,NA,NA,NA,NA,NA
93,NA,0,"nl-informal","2018-06-15 12:15:58","2018-06-15 12:15:58",NA,NA,NA,NA,NA,NA,NA,NA,NA,NA,NA,NA,NA,NA,NA,NA,NA,NA,NA,NA,NA,NA,NA,NA,NA,NA,NA,NA,NA,0,NA,NA,NA,NA,NA,NA,NA,NA,NA,NA,NA,NA
94,NA,0,"nl-informal","2018-06-15 12:17:37","2018-06-15 12:17:37",NA,NA,NA,NA,NA,NA,NA,NA,NA,NA,NA,NA,NA,NA,NA,NA,NA,NA,NA,NA,NA,NA,NA,NA,NA,NA,NA,NA,NA,0,NA,NA,NA,NA,NA,NA,NA,NA,NA,NA,NA,NA
95,NA,0,"nl-informal","2018-06-15 12:24:20","2018-06-15 12:24:20",NA,NA,NA,NA,NA,NA,NA,NA,NA,NA,NA,NA,NA,NA,NA,NA,NA,NA,NA,NA,NA,NA,NA,NA,NA,NA,NA,NA,NA,0,NA,NA,NA,NA,NA,NA,NA,NA,NA,NA,NA,NA
96,NA,0,"nl-informal","2018-06-15 12:28:05","2018-06-15 12:28:05",NA,NA,NA,NA,NA,NA,NA,NA,NA,NA,NA,NA,NA,NA,NA,NA,NA,NA,NA,NA,NA,NA,NA,NA,NA,NA,NA,NA,NA,0,NA,NA,NA,NA,NA,NA,NA,NA,NA,NA,NA,NA
97,NA,0,"nl-informal","2018-06-15 12:28:06","2018-06-15 12:28:06",NA,NA,NA,NA,NA,NA,NA,NA,NA,NA,NA,NA,NA,NA,NA,NA,NA,NA,NA,NA,NA,NA,NA,NA,NA,NA,NA,NA,NA,0,NA,NA,NA,NA,NA,NA,NA,NA,NA,NA,NA,NA
98,NA,0,"nl-informal","2018-06-15 12:32:33","2018-06-15 12:32:33",NA,NA,NA,NA,NA,NA,NA,NA,NA,NA,NA,NA,NA,NA,NA,NA,NA,NA,NA,NA,NA,NA,NA,NA,NA,NA,NA,NA,NA,0,NA,NA,NA,NA,NA,NA,NA,NA,NA,NA,NA,NA
99,NA,0,"nl-informal","2018-06-15 12:35:32","2018-06-15 12:35:32",NA,NA,NA,NA,NA,NA,NA,NA,NA,NA,NA,NA,NA,NA,NA,NA,NA,NA,NA,NA,NA,NA,NA,NA,NA,NA,NA,NA,NA,0,NA,NA,NA,NA,NA,NA,NA,NA,NA,NA,NA,NA
100,NA,0,"nl-informal","2018-06-15 12:42:16","2018-06-15 12:42:16",NA,NA,NA,NA,NA,NA,NA,NA,NA,NA,NA,NA,NA,NA,NA,NA,NA,NA,NA,NA,NA,NA,NA,NA,NA,NA,NA,NA,NA,0,NA,NA,NA,NA,NA,NA,NA,NA,NA,NA,NA,NA
101,NA,0,"nl-informal","2018-06-15 12:43:02","2018-06-15 12:43:02",NA,NA,NA,NA,NA,NA,NA,NA,NA,NA,NA,NA,NA,NA,NA,NA,NA,NA,NA,NA,NA,NA,NA,NA,NA,NA,NA,NA,NA,0,NA,NA,NA,NA,NA,NA,NA,NA,NA,NA,NA,NA
102,NA,0,"nl-informal","2018-06-15 12:52:51","2018-06-15 12:52:51",NA,NA,NA,NA,NA,NA,NA,NA,NA,NA,NA,NA,NA,NA,NA,NA,NA,NA,NA,NA,NA,NA,NA,NA,NA,NA,NA,NA,NA,0,NA,NA,NA,NA,NA,NA,NA,NA,NA,NA,NA,NA
103,NA,0,"nl-informal","2018-06-15 13:32:42","2018-06-15 13:32:42",NA,NA,NA,NA,NA,NA,NA,NA,NA,NA,NA,NA,NA,NA,NA,NA,NA,NA,NA,NA,NA,NA,NA,NA,NA,NA,NA,NA,NA,0,NA,NA,NA,NA,NA,NA,NA,NA,NA,NA,NA,NA
104,NA,0,"nl-informal","2018-06-15 13:48:15","2018-06-15 13:48:15",NA,NA,NA,NA,NA,NA,NA,NA,NA,NA,NA,NA,NA,NA,NA,NA,NA,NA,NA,NA,NA,NA,NA,NA,NA,NA,NA,NA,NA,0,NA,NA,NA,NA,NA,NA,NA,NA,NA,NA,NA,NA
105,NA,0,"nl-informal","2018-06-15 14:01:11","2018-06-15 14:01:11",NA,NA,NA,NA,NA,NA,NA,NA,NA,NA,NA,NA,NA,NA,NA,NA,NA,NA,NA,NA,NA,NA,NA,NA,NA,NA,NA,NA,NA,0,NA,NA,NA,NA,NA,NA,NA,NA,NA,NA,NA,NA
106,NA,0,"nl-informal","2018-06-15 14:05:16","2018-06-15 14:05:16",NA,NA,NA,NA,NA,NA,NA,NA,NA,NA,NA,NA,NA,NA,NA,NA,NA,NA,NA,NA,NA,NA,NA,NA,NA,NA,NA,NA,NA,0,NA,NA,NA,NA,NA,NA,NA,NA,NA,NA,NA,NA
107,NA,0,"nl-informal","2018-06-15 14:28:10","2018-06-15 14:28:10",NA,NA,NA,NA,NA,NA,NA,NA,NA,NA,NA,NA,NA,NA,NA,NA,NA,NA,NA,NA,NA,NA,NA,NA,NA,NA,NA,NA,NA,0,NA,NA,NA,NA,NA,NA,NA,NA,NA,NA,NA,NA
108,NA,0,"nl-informal","2018-06-15 14:53:47","2018-06-15 14:53:47",NA,NA,NA,NA,NA,NA,NA,NA,NA,NA,NA,NA,NA,NA,NA,NA,NA,NA,NA,NA,NA,NA,NA,NA,NA,NA,NA,NA,NA,0,NA,NA,NA,NA,NA,NA,NA,NA,NA,NA,NA,NA
109,NA,0,"nl-informal","2018-06-15 15:04:29","2018-06-15 15:04:29",NA,NA,NA,NA,NA,NA,NA,NA,NA,NA,NA,NA,NA,NA,NA,NA,NA,NA,NA,NA,NA,NA,NA,NA,NA,NA,NA,NA,NA,0,NA,NA,NA,NA,NA,NA,NA,NA,NA,NA,NA,NA
110,NA,0,"nl-informal","2018-06-15 15:18:24","2018-06-15 15:18:24",NA,NA,NA,NA,NA,NA,NA,NA,NA,NA,NA,NA,NA,NA,NA,NA,NA,NA,NA,NA,NA,NA,NA,NA,NA,NA,NA,NA,NA,0,NA,NA,NA,NA,NA,NA,NA,NA,NA,NA,NA,NA
111,NA,0,"nl-informal","2018-06-15 15:24:06","2018-06-15 15:24:06",NA,NA,NA,NA,NA,NA,NA,NA,NA,NA,NA,NA,NA,NA,NA,NA,NA,NA,NA,NA,NA,NA,NA,NA,NA,NA,NA,NA,NA,0,NA,NA,NA,NA,NA,NA,NA,NA,NA,NA,NA,NA
112,NA,0,"nl-informal","2018-06-15 15:52:01","2018-06-15 15:52:01",NA,NA,NA,NA,NA,NA,NA,NA,NA,NA,NA,NA,NA,NA,NA,NA,NA,NA,NA,NA,NA,NA,NA,NA,NA,NA,NA,NA,NA,0,NA,NA,NA,NA,NA,NA,NA,NA,NA,NA,NA,NA
113,"2018-06-15 16:07:08",1,"nl-informal","2018-06-15 15:56:09","2018-06-15 16:07:08",NA,"Dat kan grappig zijn, ze hebben niet door dat de ander grensoverschrijdend vindt, ze durven niet want ze willen diegene niet voor schut zetten, ze vinden het zelf ook wel oké of doen het zelf ook, ze zijn te lam (of onder invloed van iets anders dan alcohol) om er normaal iets van te kunnen zeggen","Ze vinden het zelf ook te ver gaan, ze weten dat die vriend(in) het kan hebben, het gebeurd vaker en ze hebben het er al eerder over gehad, ze hebben zelf nare ervaringen en willen dat voorkomen bij iemand anders, ze kennen de persoon en willen niet dat diegene de vrienden waarmee hij/zij is niet leuk vindt","Het wordt gezien als normaal/geen big deal voor de rest, het wordt niet serieus genomen, diegene vond het zelf wel leuk dat iemand zover voor hem of haar wilde gaan, diegene schaamt zich","Ze willen graag steun zodat het niet meer gebeurd, ze willen hun verhaal kwijt, eventueel kunnen ze erover opscheppen",NA,"Ik ben Unity peer ",NA,"In het uitgaansleven, via-via bij eigen vrienden, social media, eventueel reclame als het budget het toelaat","Wanneer vind jij flirtgedrag grensoverschrijdend?",NA,NA,NA,NA,NA,NA,NA,NA,NA,"Het is een heel groot grijs gebied, en het is niet voor iedereen altijd even duidelijk wat grensoverschrijdend is. Ikzelf vind het enorm asociaal dat jongens bij uitgaan bijvoorbeeld in mijn billen knijpen, maar het gebeurd zo vaak dat ik er vanuit ga dat zij dat blijkbaar normaal vinden.",NA,NA,NA,NA,NA,NA,NA,NA,NA,659.54,659.54,NA,NA,NA,NA,NA,NA,NA,NA,NA,NA,NA
114,NA,0,"nl-informal","2018-06-15 15:57:31","2018-06-15 15:57:31",NA,NA,NA,NA,NA,NA,NA,NA,NA,NA,NA,NA,NA,NA,NA,NA,NA,NA,NA,NA,NA,NA,NA,NA,NA,NA,NA,NA,NA,0,NA,NA,NA,NA,NA,NA,NA,NA,NA,NA,NA,NA
115,NA,0,"nl-informal","2018-06-15 16:01:26","2018-06-15 16:01:26",NA,NA,NA,NA,NA,NA,NA,NA,NA,NA,NA,NA,NA,NA,NA,NA,NA,NA,NA,NA,NA,NA,NA,NA,NA,NA,NA,NA,NA,0,NA,NA,NA,NA,NA,NA,NA,NA,NA,NA,NA,NA
116,NA,0,"nl-informal","2018-06-15 16:27:55","2018-06-15 16:27:55",NA,NA,NA,NA,NA,NA,NA,NA,NA,NA,NA,NA,NA,NA,NA,NA,NA,NA,NA,NA,NA,NA,NA,NA,NA,NA,NA,NA,NA,0,NA,NA,NA,NA,NA,NA,NA,NA,NA,NA,NA,NA
117,NA,0,"nl-informal","2018-06-15 18:17:23","2018-06-15 18:17:23",NA,NA,NA,NA,NA,NA,NA,NA,NA,NA,NA,NA,NA,NA,NA,NA,NA,NA,NA,NA,NA,NA,NA,NA,NA,NA,NA,NA,NA,0,NA,NA,NA,NA,NA,NA,NA,NA,NA,NA,NA,NA
118,"2018-06-15 20:08:13",1,"nl-informal","2018-06-15 19:46:46","2018-06-15 20:08:13",NA,"Geen zin in problemen. Vinden dat het niet hun zaak is. Kan zijn dat sommigen het bij het uitgaan vinden horen. “Dan moet je niet naar plekken gaan waar wordt gedronken/gebruikt.” Mensen zijn op die plaatsen eenmaal
Losser. Denk dat sommige mensen bepaald gedrag ook gewoon normaal vinden terwijl het dat niet is. Andere normen en waarden. Mensen kunnen explosief reageren onder invloed van middelen of denken dat je jaloers bent op hun prooi. ","Ik vind dat hij/zij mij voor gek zet door zijn/haar gedrag. Zulke vrienden wil ik niet. Daarnaast wil iedereen genieten van zijn/haar avond dus hoef je die van een ander niet lastig te maken. Ik vind bepaald gedrag niet normaal en zou er zeker wat van zeggen. Ik vind het zelf ook niet leuk om lastig gevallen te worden. ","Schaamte? Vinden dat ze mans genoeg moeten zijn om zoiets zelf op te lossen misschien? ","De norm duidelijk neerzetten. Niet ik pik dit niet maar wij pikken dit allemaal niet. Je geeft op die manier aan dat je het echt niet leuk vindt en krijgt steun van je vrienden. Ik zou ook willen dat m’n vrienden het vertellen als iemand vervelend is. ",NA,"Unity",NA,"Campagnes op social media en op feesten zelf. ","War zou een reden zijn dat je zelf grensoverschrijdend gedrag zou gaan vertonen naar anderen?","Op welke manier zou je aangeven dat je bepaald gedrag van een ander niet prettig vindt?",NA,NA,NA,NA,NA,NA,NA,NA,"Zodat iemand inzicht krijgt in eigen gedrag in bepaalde situaties en misschien beter op eigen gedrag gaat letten","Weerbaarheid vergroten",NA,NA,NA,NA,NA,NA,NA,NA,1287.78,1287.78,NA,NA,NA,NA,NA,NA,NA,NA,NA,NA,NA
119,NA,0,"nl-informal","2018-06-15 20:42:26","2018-06-15 20:42:26",NA,NA,NA,NA,NA,NA,NA,NA,NA,NA,NA,NA,NA,NA,NA,NA,NA,NA,NA,NA,NA,NA,NA,NA,NA,NA,NA,NA,NA,0,NA,NA,NA,NA,NA,NA,NA,NA,NA,NA,NA,NA
120,NA,0,"nl-informal","2018-06-15 21:53:48","2018-06-15 21:53:48",NA,NA,NA,NA,NA,NA,NA,NA,NA,NA,NA,NA,NA,NA,NA,NA,NA,NA,NA,NA,NA,NA,NA,NA,NA,NA,NA,NA,NA,0,NA,NA,NA,NA,NA,NA,NA,NA,NA,NA,NA,NA
121,NA,0,"nl-informal","2018-06-15 23:39:10","2018-06-15 23:39:10",NA,NA,NA,NA,NA,NA,NA,NA,NA,NA,NA,NA,NA,NA,NA,NA,NA,NA,NA,NA,NA,NA,NA,NA,NA,NA,NA,NA,NA,0,NA,NA,NA,NA,NA,NA,NA,NA,NA,NA,NA,NA
122,NA,0,"nl-informal","2018-06-16 02:36:33","2018-06-16 02:36:33",NA,NA,NA,NA,NA,NA,NA,NA,NA,NA,NA,NA,NA,NA,NA,NA,NA,NA,NA,NA,NA,NA,NA,NA,NA,NA,NA,NA,NA,0,NA,NA,NA,NA,NA,NA,NA,NA,NA,NA,NA,NA
123,NA,0,"nl-informal","2018-06-16 02:37:16","2018-06-16 02:37:16",NA,NA,NA,NA,NA,NA,NA,NA,NA,NA,NA,NA,NA,NA,NA,NA,NA,NA,NA,NA,NA,NA,NA,NA,NA,NA,NA,NA,NA,0,NA,NA,NA,NA,NA,NA,NA,NA,NA,NA,NA,NA
124,NA,0,"nl-informal","2018-06-16 05:34:06","2018-06-16 05:34:06",NA,NA,NA,NA,NA,NA,NA,NA,NA,NA,NA,NA,NA,NA,NA,NA,NA,NA,NA,NA,NA,NA,NA,NA,NA,NA,NA,NA,NA,0,NA,NA,NA,NA,NA,NA,NA,NA,NA,NA,NA,NA
125,NA,0,"nl-informal","2018-06-16 05:40:53","2018-06-16 05:40:53",NA,NA,NA,NA,NA,NA,NA,NA,NA,NA,NA,NA,NA,NA,NA,NA,NA,NA,NA,NA,NA,NA,NA,NA,NA,NA,NA,NA,NA,0,NA,NA,NA,NA,NA,NA,NA,NA,NA,NA,NA,NA
126,NA,0,"nl-informal","2018-06-16 05:56:27","2018-06-16 05:56:27",NA,NA,NA,NA,NA,NA,NA,NA,NA,NA,NA,NA,NA,NA,NA,NA,NA,NA,NA,NA,NA,NA,NA,NA,NA,NA,NA,NA,NA,0,NA,NA,NA,NA,NA,NA,NA,NA,NA,NA,NA,NA
127,NA,0,"nl-informal","2018-06-16 07:12:00","2018-06-16 07:12:00",NA,NA,NA,NA,NA,NA,NA,NA,NA,NA,NA,NA,NA,NA,NA,NA,NA,NA,NA,NA,NA,NA,NA,NA,NA,NA,NA,NA,NA,0,NA,NA,NA,NA,NA,NA,NA,NA,NA,NA,NA,NA
128,NA,0,"nl-informal","2018-06-16 08:07:08","2018-06-16 08:07:08",NA,NA,NA,NA,NA,NA,NA,NA,NA,NA,NA,NA,NA,NA,NA,NA,NA,NA,NA,NA,NA,NA,NA,NA,NA,NA,NA,NA,NA,0,NA,NA,NA,NA,NA,NA,NA,NA,NA,NA,NA,NA
129,NA,0,"nl-informal","2018-06-16 09:15:01","2018-06-16 09:15:01",NA,NA,NA,NA,NA,NA,NA,NA,NA,NA,NA,NA,NA,NA,NA,NA,NA,NA,NA,NA,NA,NA,NA,NA,NA,NA,NA,NA,NA,0,NA,NA,NA,NA,NA,NA,NA,NA,NA,NA,NA,NA
130,NA,0,"nl-informal","2018-06-16 10:15:13","2018-06-16 10:15:13",NA,NA,NA,NA,NA,NA,NA,NA,NA,NA,NA,NA,NA,NA,NA,NA,NA,NA,NA,NA,NA,NA,NA,NA,NA,NA,NA,NA,NA,0,NA,NA,NA,NA,NA,NA,NA,NA,NA,NA,NA,NA
131,NA,0,"nl-informal","2018-06-16 10:59:42","2018-06-16 10:59:42",NA,NA,NA,NA,NA,NA,NA,NA,NA,NA,NA,NA,NA,NA,NA,NA,NA,NA,NA,NA,NA,NA,NA,NA,NA,NA,NA,NA,NA,0,NA,NA,NA,NA,NA,NA,NA,NA,NA,NA,NA,NA
132,NA,0,"nl-informal","2018-06-16 11:11:42","2018-06-16 11:11:42",NA,NA,NA,NA,NA,NA,NA,NA,NA,NA,NA,NA,NA,NA,NA,NA,NA,NA,NA,NA,NA,NA,NA,NA,NA,NA,NA,NA,NA,0,NA,NA,NA,NA,NA,NA,NA,NA,NA,NA,NA,NA
133,NA,0,"nl-informal","2018-06-16 12:21:23","2018-06-16 12:21:23",NA,NA,NA,NA,NA,NA,NA,NA,NA,NA,NA,NA,NA,NA,NA,NA,NA,NA,NA,NA,NA,NA,NA,NA,NA,NA,NA,NA,NA,0,NA,NA,NA,NA,NA,NA,NA,NA,NA,NA,NA,NA
134,"2018-06-16 15:22:11",1,"nl-informal","2018-06-16 12:50:20","2018-06-16 15:22:11",NA,"Omdat je je vriend(in) ruimte geeft om de ander beter te leren kennen en je er dus meestal niet bovenop zit. Soms is het ook gewoon niet goed zichtbaar. Voor hetzelfde geld is het wel iets dat de ander wil, maar omdat je er niet de hele tijd bij bent heb je het niet kunnen horen. Je gaat er dus van uit dan het wel goed zit. 
Tot slot, de ander kan natuurlijk ook iets doen/zeggen als er grenzen overschreden worden.","Je vriend behoeden voor 'klappen'/ruzie. Als een situatie niet gaat leiden tot een goed einde moet je als 'wingman' ook je vriend behoeden van ellende. ","Schaamte, 'bevriezen' en niet durven (vanwege mogelijke gevolgen oid?)","Een ander er op wijzen dat het niet ok is wat er gebeurde. Vragen om 'dekking' van vrienden om erger te voorkomen. ",NA,"Via Unity en uitgaan",NA,NA,"In hoeverre vragen mensen expliciet of het ok is om met een ander sex te hebben bij een eerste keer? ",NA,NA,NA,NA,NA,NA,NA,NA,NA,"Nieuwsgierig",NA,NA,NA,NA,NA,NA,NA,NA,NA,7581.27,7581.27,NA,NA,NA,NA,NA,NA,NA,NA,NA,NA,NA
135,NA,0,"nl-informal","2018-06-16 21:14:48","2018-06-16 21:14:48",NA,NA,NA,NA,NA,NA,NA,NA,NA,NA,NA,NA,NA,NA,NA,NA,NA,NA,NA,NA,NA,NA,NA,NA,NA,NA,NA,NA,NA,0,NA,NA,NA,NA,NA,NA,NA,NA,NA,NA,NA,NA
136,NA,0,"nl-informal","2018-06-17 02:41:05","2018-06-17 02:41:05",NA,NA,NA,NA,NA,NA,NA,NA,NA,NA,NA,NA,NA,NA,NA,NA,NA,NA,NA,NA,NA,NA,NA,NA,NA,NA,NA,NA,NA,0,NA,NA,NA,NA,NA,NA,NA,NA,NA,NA,NA,NA
137,NA,0,"nl-informal","2018-06-17 10:05:23","2018-06-17 10:05:23",NA,NA,NA,NA,NA,NA,NA,NA,NA,NA,NA,NA,NA,NA,NA,NA,NA,NA,NA,NA,NA,NA,NA,NA,NA,NA,NA,NA,NA,0,NA,NA,NA,NA,NA,NA,NA,NA,NA,NA,NA,NA
138,NA,0,"nl-informal","2018-06-17 11:04:03","2018-06-17 11:04:03",NA,NA,NA,NA,NA,NA,NA,NA,NA,NA,NA,NA,NA,NA,NA,NA,NA,NA,NA,NA,NA,NA,NA,NA,NA,NA,NA,NA,NA,0,NA,NA,NA,NA,NA,NA,NA,NA,NA,NA,NA,NA
139,"2018-06-17 18:04:17",1,"nl-informal","2018-06-17 17:56:56","2018-06-17 18:04:17",NA,"Niet weten hoe dit aangepakt moet worden, het bagatelliseren van zulke patronen en vertoningen, plaatsvervangende schaamte, de confrontatie niet aan willen gaan, ""iedereen moet zelf weten wat ie doet""...","plaatsvervangende schaamte, gevoel van rechtvaardigheid, principieel zijn, het niet geassocieerd willen worden met zulke praktijken, de persoon in kwestie (de predator) bewust willen maken van het gedrag, deze persoon willen helpen door deze te confronteren...","Omdat het gedrag ge-internaliseerd is, schaamte kan spelen, mensen zichzelf als ""zeikerds"" beschouwen, etc.

(er zijn uiteraard veel meer redenen , maar deze zijn van structureel aard denk ik)","Het uiten van emotie, zoeken naar steun, eigen standaarden checken, vriendschap?",NA,NA,NA,NA,NA,NA,NA,NA,NA,NA,NA,NA,NA,NA,NA,NA,NA,NA,NA,NA,NA,NA,NA,NA,441.57,441.57,NA,NA,NA,NA,NA,NA,NA,NA,NA,NA,NA
140,NA,0,"nl-informal","2018-06-17 20:07:17","2018-06-17 20:07:17",NA,NA,NA,NA,NA,NA,NA,NA,NA,NA,NA,NA,NA,NA,NA,NA,NA,NA,NA,NA,NA,NA,NA,NA,NA,NA,NA,NA,NA,0,NA,NA,NA,NA,NA,NA,NA,NA,NA,NA,NA,NA
141,NA,0,"nl-informal","2018-06-18 07:27:52","2018-06-18 07:27:52",NA,NA,NA,NA,NA,NA,NA,NA,NA,NA,NA,NA,NA,NA,NA,NA,NA,NA,NA,NA,NA,NA,NA,NA,NA,NA,NA,NA,NA,0,NA,NA,NA,NA,NA,NA,NA,NA,NA,NA,NA,NA
142,NA,0,"nl-informal","2018-06-18 07:52:33","2018-06-18 07:52:33",NA,NA,NA,NA,NA,NA,NA,NA,NA,NA,NA,NA,NA,NA,NA,NA,NA,NA,NA,NA,NA,NA,NA,NA,NA,NA,NA,NA,NA,0,NA,NA,NA,NA,NA,NA,NA,NA,NA,NA,NA,NA
143,NA,0,"nl-informal","2018-06-18 07:58:29","2018-06-18 07:58:29",NA,NA,NA,NA,NA,NA,NA,NA,NA,NA,NA,NA,NA,NA,NA,NA,NA,NA,NA,NA,NA,NA,NA,NA,NA,NA,NA,NA,NA,0,NA,NA,NA,NA,NA,NA,NA,NA,NA,NA,NA,NA
144,NA,0,"nl-informal","2018-06-18 08:08:30","2018-06-18 08:08:30",NA,NA,NA,NA,NA,NA,NA,NA,NA,NA,NA,NA,NA,NA,NA,NA,NA,NA,NA,NA,NA,NA,NA,NA,NA,NA,NA,NA,NA,0,NA,NA,NA,NA,NA,NA,NA,NA,NA,NA,NA,NA
145,NA,0,"nl-informal","2018-06-18 08:15:10","2018-06-18 08:15:10",NA,NA,NA,NA,NA,NA,NA,NA,NA,NA,NA,NA,NA,NA,NA,NA,NA,NA,NA,NA,NA,NA,NA,NA,NA,NA,NA,NA,NA,0,NA,NA,NA,NA,NA,NA,NA,NA,NA,NA,NA,NA
146,NA,0,"nl-informal","2018-06-18 08:42:19","2018-06-18 08:42:19",NA,NA,NA,NA,NA,NA,NA,NA,NA,NA,NA,NA,NA,NA,NA,NA,NA,NA,NA,NA,NA,NA,NA,NA,NA,NA,NA,NA,NA,0,NA,NA,NA,NA,NA,NA,NA,NA,NA,NA,NA,NA
147,"2018-06-18 09:11:09",1,"nl-informal","2018-06-18 08:51:37","2018-06-18 09:11:09",NA,"Ik denk dat sommige de vriendschap niet willen schaden, het gezellig willen houden, de sfeer niet willen verpesten, niet moeilijk willen doen, denken dat het wel meevalt, zich kunnen schamen voor hun gedachten of niet weten hoe ze dit op een goede manier moeten brengen naar de ander toe. ","Wellicht zet zo iemand zijn schaamte, angst of ongemak aan de kant, of voelt veel met de ander (waarbij dit wordt gedaan) mee. Het kan ook zo zijn dat je het met meerdere vrienden tegen hem of haar zegt. Soms kan iemand het op zo'n moment met een grap zeggen of juist de dag erna terugkomen op het idee dat je had dat de ander dit niet prettig vond. ","Hiervoor gelden waarschijnlijk wat overlappende redenen met vraag 1. In zo'n geval denk ik dat iemand niet moeilijk wil doen, zich niet aan wil stellen, denkt dat het misschien aan hem/haar zelf ligt of niet wil stil staan bij het vervelende gevoel die terugkomt bij de herinnering aan die gebeurtenis. Mensen zitten geloof ik nogal beschermend in elkaar, iemand wil zich goed voelen en dan is het praten over een vervelende gebeurtenis vaak niet iets waar je automatisch aan wil toegeven. ","Iemand voelt zich op zo'n moment vertrouwd, wellicht wordt er letterlijk naar gevraagd (dat maakt het makkelijker), iemand wil toch van een gevoel af dat blijft knagen, iemand wil de ander behoeden voor hetzelfde etc. ",NA,"Inderdaad bij het uitgaan wat ik zelf doe, bij het vrijwilligerswerk met Unity of als wetenschapper onderzoek doende naar risicogedrag onder mensen. ",NA,"Via facebook/instagram? Inderdaad wat hieronder weergegeven wordt, dat mensen 'onderzoeksmoe' worden, kan ik me voorstellen. Ik denk dat je met een leuke foto of filmpje mensen weer kan motiveren wat in te vullen. Als mensen het een belangrijk onderwerp vinden of getriggerd worden en ze weten dat het maar eventjes duurt, kunnen ze wellicht weer gemotiveerd raken. ","Wat zou jij nodig hebben als iemand je grens is overgegaan (bij het uitgaan)? Denk aan een contactpersoon, online website waar je wat kwijt kan etc. ",NA,NA,NA,NA,NA,NA,NA,NA,NA,NA,NA,NA,NA,NA,NA,NA,NA,NA,NA,1172.55,1172.55,NA,NA,NA,NA,NA,NA,NA,NA,NA,NA,NA
148,NA,0,"nl-informal","2018-06-18 08:53:22","2018-06-18 08:53:22",NA,NA,NA,NA,NA,NA,NA,NA,NA,NA,NA,NA,NA,NA,NA,NA,NA,NA,NA,NA,NA,NA,NA,NA,NA,NA,NA,NA,NA,0,NA,NA,NA,NA,NA,NA,NA,NA,NA,NA,NA,NA
149,NA,0,"nl-informal","2018-06-18 08:53:23","2018-06-18 08:53:23",NA,NA,NA,NA,NA,NA,NA,NA,NA,NA,NA,NA,NA,NA,NA,NA,NA,NA,NA,NA,NA,NA,NA,NA,NA,NA,NA,NA,NA,0,NA,NA,NA,NA,NA,NA,NA,NA,NA,NA,NA,NA
150,NA,0,"nl-informal","2018-06-18 09:08:42","2018-06-18 09:08:42",NA,NA,NA,NA,NA,NA,NA,NA,NA,NA,NA,NA,NA,NA,NA,NA,NA,NA,NA,NA,NA,NA,NA,NA,NA,NA,NA,NA,NA,0,NA,NA,NA,NA,NA,NA,NA,NA,NA,NA,NA,NA
151,NA,0,"nl-informal","2018-06-18 09:29:25","2018-06-18 09:29:25",NA,NA,NA,NA,NA,NA,NA,NA,NA,NA,NA,NA,NA,NA,NA,NA,NA,NA,NA,NA,NA,NA,NA,NA,NA,NA,NA,NA,NA,0,NA,NA,NA,NA,NA,NA,NA,NA,NA,NA,NA,NA
152,NA,0,"nl-informal","2018-06-18 09:40:29","2018-06-18 09:40:29",NA,NA,NA,NA,NA,NA,NA,NA,NA,NA,NA,NA,NA,NA,NA,NA,NA,NA,NA,NA,NA,NA,NA,NA,NA,NA,NA,NA,NA,0,NA,NA,NA,NA,NA,NA,NA,NA,NA,NA,NA,NA
153,NA,0,"nl-informal","2018-06-18 09:53:59","2018-06-18 09:53:59",NA,NA,NA,NA,NA,NA,NA,NA,NA,NA,NA,NA,NA,NA,NA,NA,NA,NA,NA,NA,NA,NA,NA,NA,NA,NA,NA,NA,NA,0,NA,NA,NA,NA,NA,NA,NA,NA,NA,NA,NA,NA
154,NA,0,"nl-informal","2018-06-18 11:04:00","2018-06-18 11:04:00",NA,NA,NA,NA,NA,NA,NA,NA,NA,NA,NA,NA,NA,NA,NA,NA,NA,NA,NA,NA,NA,NA,NA,NA,NA,NA,NA,NA,NA,0,NA,NA,NA,NA,NA,NA,NA,NA,NA,NA,NA,NA
155,NA,0,"nl-informal","2018-06-18 11:21:40","2018-06-18 11:21:40",NA,NA,NA,NA,NA,NA,NA,NA,NA,NA,NA,NA,NA,NA,NA,NA,NA,NA,NA,NA,NA,NA,NA,NA,NA,NA,NA,NA,NA,0,NA,NA,NA,NA,NA,NA,NA,NA,NA,NA,NA,NA
156,NA,0,"nl-informal","2018-06-18 11:28:42","2018-06-18 11:28:42",NA,NA,NA,NA,NA,NA,NA,NA,NA,NA,NA,NA,NA,NA,NA,NA,NA,NA,NA,NA,NA,NA,NA,NA,NA,NA,NA,NA,NA,0,NA,NA,NA,NA,NA,NA,NA,NA,NA,NA,NA,NA
157,"2018-06-18 12:51:15",1,"nl-informal","2018-06-18 11:42:06","2018-06-18 12:51:15",NA,"Schaamte, ongelijkwaardige relatie met vriend(in), die vriend(in) is toch niet zo'n hele goede vriend(in), je bent afhankelijk van die persoon, eerder al ruzie over gehad","Schaamte, gelijkwaardige relatie, goede vriend(in), eerdere ervaringen, juiste conclusies trekken uit interactie vriend(in) met het leidend slachtoffer","Ik heb daar mijn vrienden niet voor nodig. Ik ben duidelijk.","Onzekerheid, fysiek belaagd worden, het niet alleen aankunnen.",NA,"Als peer via Unity.",NA,NA,NA,NA,NA,NA,NA,NA,NA,NA,NA,NA,NA,NA,NA,NA,NA,NA,NA,NA,NA,NA,4148.28,4148.28,NA,NA,NA,NA,NA,NA,NA,NA,NA,NA,NA
158,"2018-06-18 12:30:53",1,"nl-informal","2018-06-18 11:43:56","2018-06-18 12:30:53",NA,"Ze zijn bang om te worden gezien als 'watje', omdat ze de pret bederven of iets te snel 'te wild' vinden.
Ze zijn bang dat die vriend/vriendin boos wordt.
Ze zijn bang dat ze zelf een heel ander denkbeeld hebben van wat wel en niet kan en dat ze daarop worden afgerekend als ze dat delen met iemand anders.","Bezorgdheid
Zorgzaamheid
Gevoel van inleven, 'in zo'n situatie zou ik ook aangesproken willen worden'. 
Schuldgevoel als je het niet doen ","Ze durven het niet omdat ze bang zijn dat anderen dan denken dat ze een watje zijn
Ze durven het niet omdat anderen gaan denken dat het hun eigen schuld is 
Ze willen het zo snel mogelijk vergeten","Behoefte aan steun
Behoefte om het te delen
Behoefte aan bescherming",NA,"Als ik met vrienden een avondje uitga",NA,NA,NA,NA,NA,NA,NA,NA,NA,NA,NA,NA,NA,NA,NA,NA,NA,NA,NA,NA,NA,NA,2352.18,2352.18,NA,NA,NA,NA,NA,NA,NA,NA,NA,NA,NA
159,NA,0,"nl-informal","2018-06-18 14:25:50","2018-06-18 14:25:50",NA,NA,NA,NA,NA,NA,NA,NA,NA,NA,NA,NA,NA,NA,NA,NA,NA,NA,NA,NA,NA,NA,NA,NA,NA,NA,NA,NA,NA,0,NA,NA,NA,NA,NA,NA,NA,NA,NA,NA,NA,NA
160,NA,0,"nl-informal","2018-06-18 15:27:24","2018-06-18 15:27:24",NA,NA,NA,NA,NA,NA,NA,NA,NA,NA,NA,NA,NA,NA,NA,NA,NA,NA,NA,NA,NA,NA,NA,NA,NA,NA,NA,NA,NA,0,NA,NA,NA,NA,NA,NA,NA,NA,NA,NA,NA,NA
161,NA,0,"nl-informal","2018-06-18 16:15:31","2018-06-18 16:15:31",NA,NA,NA,NA,NA,NA,NA,NA,NA,NA,NA,NA,NA,NA,NA,NA,NA,NA,NA,NA,NA,NA,NA,NA,NA,NA,NA,NA,NA,0,NA,NA,NA,NA,NA,NA,NA,NA,NA,NA,NA,NA
162,NA,0,"nl-informal","2018-06-18 16:45:15","2018-06-18 16:45:15",NA,NA,NA,NA,NA,NA,NA,NA,NA,NA,NA,NA,NA,NA,NA,NA,NA,NA,NA,NA,NA,NA,NA,NA,NA,NA,NA,NA,NA,0,NA,NA,NA,NA,NA,NA,NA,NA,NA,NA,NA,NA
163,NA,0,"nl-informal","2018-06-18 20:06:28","2018-06-18 20:06:29",NA,NA,NA,NA,NA,NA,NA,NA,NA,NA,NA,NA,NA,NA,NA,NA,NA,NA,NA,NA,NA,NA,NA,NA,NA,NA,NA,NA,NA,0,NA,NA,NA,NA,NA,NA,NA,NA,NA,NA,NA,NA
164,NA,0,"nl-informal","2018-06-18 20:08:01","2018-06-18 20:08:01",NA,NA,NA,NA,NA,NA,NA,NA,NA,NA,NA,NA,NA,NA,NA,NA,NA,NA,NA,NA,NA,NA,NA,NA,NA,NA,NA,NA,NA,0,NA,NA,NA,NA,NA,NA,NA,NA,NA,NA,NA,NA
165,NA,0,"nl-informal","2018-06-19 01:51:36","2018-06-19 01:51:36",NA,NA,NA,NA,NA,NA,NA,NA,NA,NA,NA,NA,NA,NA,NA,NA,NA,NA,NA,NA,NA,NA,NA,NA,NA,NA,NA,NA,NA,0,NA,NA,NA,NA,NA,NA,NA,NA,NA,NA,NA,NA
166,NA,0,"nl-informal","2018-06-19 12:17:43","2018-06-19 12:17:43",NA,NA,NA,NA,NA,NA,NA,NA,NA,NA,NA,NA,NA,NA,NA,NA,NA,NA,NA,NA,NA,NA,NA,NA,NA,NA,NA,NA,NA,0,NA,NA,NA,NA,NA,NA,NA,NA,NA,NA,NA,NA
167,NA,0,"nl-informal","2018-06-19 12:20:37","2018-06-19 12:20:37",NA,NA,NA,NA,NA,NA,NA,NA,NA,NA,NA,NA,NA,NA,NA,NA,NA,NA,NA,NA,NA,NA,NA,NA,NA,NA,NA,NA,NA,0,NA,NA,NA,NA,NA,NA,NA,NA,NA,NA,NA,NA
168,NA,0,"nl-informal","2018-06-19 12:21:54","2018-06-19 12:21:54",NA,NA,NA,NA,NA,NA,NA,NA,NA,NA,NA,NA,NA,NA,NA,NA,NA,NA,NA,NA,NA,NA,NA,NA,NA,NA,NA,NA,NA,0,NA,NA,NA,NA,NA,NA,NA,NA,NA,NA,NA,NA
169,NA,0,"nl-informal","2018-06-19 12:52:52","2018-06-19 12:52:52",NA,NA,NA,NA,NA,NA,NA,NA,NA,NA,NA,NA,NA,NA,NA,NA,NA,NA,NA,NA,NA,NA,NA,NA,NA,NA,NA,NA,NA,0,NA,NA,NA,NA,NA,NA,NA,NA,NA,NA,NA,NA
170,NA,0,"nl-informal","2018-06-19 15:21:59","2018-06-19 15:21:59",NA,NA,NA,NA,NA,NA,NA,NA,NA,NA,NA,NA,NA,NA,NA,NA,NA,NA,NA,NA,NA,NA,NA,NA,NA,NA,NA,NA,NA,0,NA,NA,NA,NA,NA,NA,NA,NA,NA,NA,NA,NA
171,NA,0,"nl-informal","2018-06-19 15:31:29","2018-06-19 15:31:29",NA,NA,NA,NA,NA,NA,NA,NA,NA,NA,NA,NA,NA,NA,NA,NA,NA,NA,NA,NA,NA,NA,NA,NA,NA,NA,NA,NA,NA,0,NA,NA,NA,NA,NA,NA,NA,NA,NA,NA,NA,NA
172,NA,0,"nl-informal","2018-06-19 15:36:57","2018-06-19 15:36:57",NA,NA,NA,NA,NA,NA,NA,NA,NA,NA,NA,NA,NA,NA,NA,NA,NA,NA,NA,NA,NA,NA,NA,NA,NA,NA,NA,NA,NA,0,NA,NA,NA,NA,NA,NA,NA,NA,NA,NA,NA,NA
173,NA,0,"nl-informal","2018-06-19 15:55:22","2018-06-19 15:55:22",NA,NA,NA,NA,NA,NA,NA,NA,NA,NA,NA,NA,NA,NA,NA,NA,NA,NA,NA,NA,NA,NA,NA,NA,NA,NA,NA,NA,NA,0,NA,NA,NA,NA,NA,NA,NA,NA,NA,NA,NA,NA
174,NA,0,"nl-informal","2018-06-19 15:59:33","2018-06-19 15:59:33",NA,NA,NA,NA,NA,NA,NA,NA,NA,NA,NA,NA,NA,NA,NA,NA,NA,NA,NA,NA,NA,NA,NA,NA,NA,NA,NA,NA,NA,0,NA,NA,NA,NA,NA,NA,NA,NA,NA,NA,NA,NA
175,NA,0,"nl-informal","2018-06-20 02:55:36","2018-06-20 02:55:36",NA,NA,NA,NA,NA,NA,NA,NA,NA,NA,NA,NA,NA,NA,NA,NA,NA,NA,NA,NA,NA,NA,NA,NA,NA,NA,NA,NA,NA,0,NA,NA,NA,NA,NA,NA,NA,NA,NA,NA,NA,NA
176,NA,0,"nl-informal","2018-06-20 06:27:30","2018-06-20 06:27:30",NA,NA,NA,NA,NA,NA,NA,NA,NA,NA,NA,NA,NA,NA,NA,NA,NA,NA,NA,NA,NA,NA,NA,NA,NA,NA,NA,NA,NA,0,NA,NA,NA,NA,NA,NA,NA,NA,NA,NA,NA,NA
177,NA,0,"nl-informal","2018-06-21 16:52:02","2018-06-21 16:52:02",NA,NA,NA,NA,NA,NA,NA,NA,NA,NA,NA,NA,NA,NA,NA,NA,NA,NA,NA,NA,NA,NA,NA,NA,NA,NA,NA,NA,NA,0,NA,NA,NA,NA,NA,NA,NA,NA,NA,NA,NA,NA
